Name;Identity;Publisher;Gender;FirstAppearance;EyeColor;HairColor;Strength;Intelligence
A-Bomb;Richard Milhouse Jones;Marvel Comics;M;2008;Yellow;No Hair;100;moderate
Abraxas;Abraxas;Marvel Comics;M;;Blue;Black;100;high
Abomination;Emil Blonsky;Marvel Comics;M;;Green;No Hair;80;good
Adam Monroe;;NBC - Heroes;M;;Blue;Blond;10;good
Agent 13;Sharon Carter;Marvel Comics;F;;Blue;Blond;;
Air-Walker;Gabriel Lan;Marvel Comics;M;;Blue;White;85;average
Agent Bob;Bob;Marvel Comics;M;2007;Brown;Brown;10;low
Abe Sapien;Abraham Sapien;Dark Horse Comics;M;1993;Blue;No Hair;30;high
Abin Sur;;DC Comics;M;1959;Blue;No Hair;90;average
Angela;;Image Comics;F;;;;100;high
Animal Man;Bernhard Baker;DC Comics;M;1965;Blue;Blond;50;average
Agent Zero;Christoph Nord;Marvel Comics;M;;;;30;good
Colin Wagner;;HarperCollins;M;;Grey;Brown;;
Angel Dust;Christina;Marvel Comics;F;;Yellow;Black;55;moderate
Angel Salvadore;Angel Salvadore Bohusk;Marvel Comics;F;2001;Brown;Black;10;moderate
Zoom;Hunter Zolomon;DC Comics;M;;Red;Brown;10;average
Lady Deathstrike;Yuriko Oyama;Marvel Comics;F;1985;Brown;Black;30;good
Yoda;Yoda;George Lucas;M;1980;Brown;White;55;high
Zatanna;Zatanna Zatara;DC Comics;F;;Blue;Black;10;high
Yellowjacket II;Rita DeMara;Marvel Comics;F;;Blue;Strawberry Blond;10;average
Yellowjacket;Hank Pym;Marvel Comics;M;;Blue;Blond;10;high
Yellow Claw;;Marvel Comics;M;;Blue;No Hair;;
Absorbing Man;Carl Creel;Marvel Comics;M;1964;Blue;No Hair;80;moderate
X-Man;Nate Grey;Marvel Comics;M;1995;Blue;Brown;55;high
X-23;Laura Kinney;Marvel Comics;F;;Green;Black;25;good
Wondra;;Marvel Comics;F;;;;;
Adam Strange;Adam Strange;DC Comics;M;1986;Blue;Blond;10;good
Wonder Girl;Cassandra Elizabeth Sandsmark;DC Comics;F;1996;Blue;Blond;90;good
Wonder Woman;Diana Prince;DC Comics;F;1941;Blue;Black;100;high
Wolverine;Logan;Marvel Comics;M;;Blue;Black;35;good
Ymir;Ymir;Marvel Comics;M;;White;No Hair;100;average
Wiz Kid;Takashi Matsuya;Marvel Comics;;;Brown;Black;;
Wolfsbane;Rahne Sinclair;Marvel Comics;F;;Green;Auburn;20;moderate
White Queen;Emma Grace Frost;Marvel Comics;F;;Blue;Blond;;
White Canary;;DC Comics;F;;Brown;Black;10;good
Wyatt Wingfoot;Wyatt Wingfoot;Marvel Comics;M;;Brown;Black;10;low
Weapon XI;Weapon XI;Marvel Comics;M;;;;;
Winter Soldier;Bucky Barnes;Marvel Comics;M;2005;Brown;Brown;35;average
Watcher;Uatu;Marvel Comics;M;1963;;;80;high
Wonder Man;Simon Williams;Marvel Comics;M;;Red;Black;100;good
Wasp;Janet Van Dyne;Marvel Comics;F;;Blue;Auburn;20;good
Warlock;Adam Warlock;Marvel Comics;M;;Red;Blond;40;high
Warbird;Carol Danvers;Marvel Comics;F;;Blue;Blond;;
Wildfire;Drake Burroughs;DC Comics;M;;;;35;average
Vulture;Adrian Toomes;Marvel Comics;M;;Brown;No Hair;25;good
Warp;Emil LaSalle;DC Comics;M;1981;Brown;Black;10;moderate
Warpath;James Proudstar;Marvel Comics;M;1984;Brown;Black;75;moderate
War Machine;James Rupert Rhodes;Marvel Comics;M;1979;Brown;Brown;80;good
Vulcan;Gabriel Summers;Marvel Comics;M;;Black;Black;;
Vision II;Vision;Marvel Comics;;;Red;No Hair;;
Walrus;Hubert Carpent;Marvel Comics;M;1984;Blue;Black;30;average
Vision;Vision;Marvel Comics;M;;Gold;No Hair;75;high
Violet Parr;Violet Parr;Dark Horse Comics;F;2004;Violet;Black;10;average
Violator;;Image Comics;M;;;;65;average
Vertigo II;;Marvel Comics;F;;Blue;Silver;;
Venompool;Wade Wilson;Marvel Comics;M;2011;;;60;good
Venom III;MacDonald Gargan;Marvel Comics;M;2005;Brown;Brown;75;good
Vindicator;Dr. James McDonald Hudson;Marvel Comics;M;;;;;
Venom II;Angelo Fortunato;Marvel Comics;M;2005;Brown;Black;60;average
Venom;Eddie Brock;Marvel Comics;M;;Blue;Strawberry Blond;60;good
Vegeta;Vegeta;Shueisha;M;;;Black;100;high
Vixen;Mari McCabe;DC Comics;F;1981;Amber;Black;40;average
Valkyrie;Brunnhilde (also spelled Brunnhilda);Marvel Comics;F;;Blue;Blond;95;high
Valerie Hart;;Team Epic TV;F;;Hazel;Black;;
Vanisher;;Marvel Comics;M;;Green;No Hair;10;good
Vagabond;Priscilla Lyons;Marvel Comics;F;;Blue;Strawberry Blond;;
Utgard-Loki;;Marvel Comics;M;;Blue;White;80;average
Ultron;Ultron;Marvel Comics;M;1968;Red;;85;high
Triton;Triton;Marvel Comics;M;1965;Green;No Hair;65;average
Two-Face;Harvey Dent;DC Comics;M;;;;10;high
Triplicate Girl;Luornu Durgo;DC Comics;F;;Purple;Brown;10;good
Trigon;;DC Comics;M;1981;Yellow;Black;100;high
Ultragirl;Tsu-Zana;Marvel Comics;F;;Blue;Blond;80;average
Tracy Strauss;Tracy Strauss;NBC - Heroes;F;;;;;
Vindicator;Heather Hudson;Marvel Comics;F;1980;Green;Red;65;good
Toxin;Eddie Brock;Marvel Comics;M;;Black;Blond;80;good
Titan;;HarperCollins;M;;;;;
Tinkerer;Phineas Mason;Marvel Comics;M;1963;Brown;White;10;high
Tigra;Greer Grant Nelson;Marvel Comics;F;;Green;Auburn;35;good
Vibe;Cisco Ramon;DC Comics;M;;Brown;Black;10;average
Thundra;Thundra;Marvel Comics;F;1972;Green;Red;85;moderate
Thunderstrike;Eric Kevin Masterson;Marvel Comics;M;;Blue;Blond;80;good
Toxin;Patrick Mulligan;Marvel Comics;M;2004;Blue;Brown;75;average
Thunderbird II;James Proudstar;Marvel Comics;M;;;;;
Thunderbird;John Proudstar;Marvel Comics;M;1975;Brown;Black;35;average
Thor Girl;Tarene;Marvel Comics;F;;Blue;Blond;85;good
Trickster;Giovanni Giuseppe;DC Comics;M;1960;Blue;Blond;;
Thing;Ben Grimm;Marvel Comics;M;1961;Blue;No Hair;85;good
The Comedian;Edward Morgen Blake;DC Comics;M;1986;Brown;Black;15;good
The Cape;Vince Faraday;;M;2011;;;10;moderate
Thanos;Thanos;Marvel Comics;M;;Red;No Hair;100;high
Tiger Shark;Todd Arliss;Marvel Comics;M;1968;Grey;No Hair;75;moderate
Thunderbird III;Neal Shaara;Marvel Comics;M;;Brown;Black;;
Taskmaster;Tony Masters;Marvel Comics;M;;Brown;Brown;15;good
Toad;Mortimer Toynbee;Marvel Comics;M;1964;Black;Brown;35;average
T-X;Cyberdyne Systems Series X Terminator;Dark Horse Comics;F;;;;65;good
T-1000;Cyberdyne Systems Series 1000 Terminator;Dark Horse Comics;M;;;;35;good
T-800;Cyberdyne Systems Series 800 Terminator Model 101;Dark Horse Comics;M;1984;Red;;35;good
T-850;Cyberdyne Systems Series 850 Terminator;Dark Horse Comics;M;2003;Red;;80;good
Synch;Everett Thomas;Marvel Comics;M;1994;Brown;Black;70;good
Swarm;Fritz von Meyer;Marvel Comics;M;1977;Yellow;No Hair;20;good
Thor;Thor Odinson;Marvel Comics;M;1962;Blue;Blond;100;good
Swamp Thing;Alec Holland;DC Comics;M;1972;Red;No Hair;95;high
Supergirl;Kara Zor-El;DC Comics;F;2004;Blue;Blond;100;high
Superboy-Prime;Kal-El;DC Comics;M;1985;Blue;Black / Blue;100;high
Sylar;Gabriel Gray;NBC - Heroes;M;;;;10;good
Tempest;Angel Salvadore Bohusk;Marvel Comics;F;2001;Brown;Black;10;moderate
Stormtrooper;;George Lucas;M;1977;;;10;low
Sunspot;Roberto DaCosta;Marvel Comics;M;1982;brown;black;65;good
Storm;Ororo Munroe;Marvel Comics;F;1975;Blue;White;10;good
Stephanie Powell;Stephanie Powell;ABC Studios;F;2010;;Blond;10;good
Superman;Clark Kent;DC Comics;M;;Blue;Black;100;high
Stardust;;Marvel Comics;M;;;;85;high
Steppenwolf;;DC Comics;M;;Red;Black;100;high
Starfire;Koriand'r;DC Comics;F;1980;Green;Auburn;80;average
Superboy;Kon-El / Conner Kent;DC Comics;M;1993;Blue;Black;95;good
Steel;John Irons;DC Comics;M;1993;Brown;No Hair;85;high
Stargirl;Courtney Whitmore;DC Comics;F;1999;Blue;Blond;80;good
Static;Virgil Hawkins;DC Comics;M;1993;Brown;Black;10;good
Star-Lord;Peter Jason Quill;Marvel Comics;M;1976;Blue;Blond;20;good
Stacy X;;Marvel Comics;F;;;;;
Spock;S'chn T'gai Spock;Star Trek;M;;Brown;Black;20;high
Spider-Woman III;Martha Franklin;Marvel Comics;F;1998;Brown;Brown;50;average
Spyke;Evan Daniels;Marvel Comics;M;2000;Brown;Blond;15;average
Spider-Man;Miles Morales;Marvel Comics;M;2011;Brown;Black;;
Spider-Woman IV;Charlotte Witter;Marvel Comics;F;;Red;White;;
Spider-Woman II;;Marvel Comics;F;;;;;
Spider-Woman;Jessica Drew;Marvel Comics;F;1977;Green;Black;45;average
Spider-Man;Miguel O'Hara;Marvel Comics;;1992;Red;Brown;;
Spider-Man;Peter Parker;Marvel Comics;M;;Hazel;Brown;55;high
Spider-Girl;May 'Mayday' Parker;Marvel Comics;F;1998;Blue;Brown;40;good
Spider-Gwen;Gwen Stacy;Marvel Comics;F;;Blue;Blond;55;good
Speedball;Robert Baldwin;Marvel Comics;M;;;;;
Spider-Carnage;Benjamin Reilly;Marvel Comics;M;;;;;
Speedy;Thea Queen;DC Comics;F;;Green;Brown;10;average
Speedy;Roy William Harper, Jr.;DC Comics;M;;;;;
Spawn;Al Simmons;Image Comics;M;1992;Brown;Black;60;good
Space Ghost;Thaddeus Bach;DC Comics;M;1966;;;20;moderate
Spectre;Aztar;DC Comics;M;1940;White;No Hair;100;high
Songbird;Melissa Joan Gold;Marvel Comics;F;;Green;Red / White;40;good
Snowbird;Narya;Marvel Comics;F;;White;Blond;35;average
Siryn;Theresa Rourke Cassidy;Marvel Comics;F;;Blue;Strawberry Blond;10;moderate
Solomon Grundy;Cyrus Gold;DC Comics;M;1944;Black;White;95;low
Sobek;Yurrd the Unknown;DC Comics;M;;White;No Hair;35;average
Snake-Eyes;;Marvel Comics;M;;;;;
Siren;Hila;DC Comics;F;1965;Blue;Purple;65;average
Simon Baz;Simoon Baz;DC Comics;M;2012;Bown;Black;90;average
Siren II;La Sirene la Bailene;DC Comics;F;1999;Black;;;
Silver Surfer;Norrin Radd;Marvel Comics;M;;White;No Hair;100;average
Silk Spectre II;Laurie Juspeczyk;DC Comics;F;;;;55;high
Silk Spectre;Sally Juspeczyk;DC Comics;F;;;;;
Skaar;;Marvel Comics;M;;Green;Black;85;average
Silverclaw;Maria de Guadalupe Santiago;Marvel Comics;F;1998;Brown;Black;30;average
Shrinking Violet;;DC Comics;F;;;;;
Sif;Sif;Marvel Comics;F;1964;Blue;Black;90;good
Shriek;Frances Louise Barrison;Marvel Comics;F;;Yellow / Blue;Black;10;average
Sinestro;Thaal Sinestro;DC Comics;M;;Black;Black;85;good
Shazam;Billy Batson;DC Comics;M;1940;Blue;Black;100;high
Shatterstar;Gaveedra Seven;Marvel Comics;M;;Brown;Red;50;good
She-Thing;Sharon Ventura;Marvel Comics;F;;Blue;No Hair;75;good
Shadowcat;Kitty Pryde;Marvel Comics;F;1980;Hazel;Brown;10;high
Shang-Chi;Shang-Chi;Marvel Comics;M;1973;Brown;Black;15;good
Shadow King;Amahl Farouk;Marvel Comics;;1979;Red;;15;good
Shadow Lass;Tasmia Mallor;DC Comics;F;;Black;Black;10;good
Sebastian Shaw;Sebastian Hiram Shaw;Marvel Comics;M;;;;85;good
Silk;Cindy Moon;Marvel Comics;F;;Brown;Black;50;good
Shocker;Herman Schultz;Marvel Comics;M;;Brown;Brown;10;good
Scorpia;Elaine Coll;Marvel Comics;F;1995;Green;Red;30;moderate
Scorpion;MacDonald Gargan;Marvel Comics;M;1964;Brown;Brown;55;average
Scarlet Witch;Wanda Maximoff;Marvel Comics;F;1964;Blue;Brown;10;high
Scarlet Spider II;Kaine Parker;Marvel Comics;M;1994;Brown;Brown;55;high
Scarlet Spider;Benjamin Reilly;Marvel Comics;M;;Blue;Blond;55;good
Sentry;Robert Reynolds;Marvel Comics;M;2000;Blue;Blond;100;good
Savage Dragon;Kurr;Image Comics;M;;;;70;good
Sandman;William Baker;Marvel Comics;M;1963;Brown;Brown;75;average
Sasquatch;Walter Langkowski;Marvel Comics;M;;Red;Orange;80;good
Sage;Tessa;Marvel Comics;F;;Blue;Black;10;good
Scarecrow;Jonathan Crane;DC Comics;M;1941;Blue;Brown;10;high
Sabretooth;Victor Creed;Marvel Comics;M;1977;Amber;Blond;50;average
Ronin;Clint Barton;Marvel Comics;M;;Blue;Blond;15;average
Rorschach;Walter Joseph Kovacs;DC Comics;M;1986;Blue;Red;10;good
Rocket Raccoon;Rocket Raccoon;Marvel Comics;M;1976;Brown;Brown;5;average
Rogue;Anna Marie;Marvel Comics;F;1981;Green;Brown / White;10;good
Robin VI;Carrie Kelley;DC Comics;F;;Green;Red;10;average
Robin V;Damian Wayne;DC Comics;M;;Blue;Black;10;good
She-Hulk;Jennifer Walters;Marvel Comics;F;;Green;Green;100;high
Ripcord;Miranda Leevald;Marvel Comics;F;;Green;Black;;
Robin III;Tim Drake;DC Comics;M;1989;Blue;Black;15;high
Robin II;Jason Todd;DC Comics;M;;Blue;Red;15;good
Rick Flag;Richard Rogers Flag;DC Comics;M;1959;Blue;Brown;15;high
Rip Hunter;Richard Hunter;DC Comics;M;;Blue;Blond;10;high
Rhino;Aleksei Mikhailovich Sytsevich;Marvel Comics;M;;Brown;Brown;80;moderate
Riddler;Edward Nigma;DC Comics;M;1948;;;10;high
Redeemer III;Eddie Frank;Image Comics;M;;;;;
Redeemer II;Phil Timper;Image Comics;M;;;;;
Red Tornado;John Smith;DC Comics;M;;Green;No Hair;40;good
Rey;;George Lucas;F;2015;Hazel;Brown;10;good
Robin;Dick Grayson;DC Comics;M;1940;Blue;Black;15;high
Red Robin;Tim Drake;DC Comics;M;1989;Blue;Black;15;high
Renata Soliz;;HarperCollins;F;;;;;
Sauron;Sauron;J. R. R. Tolkien;M;;;;85;high
Red Hood;Jason Todd;DC Comics;M;;Blue;Black;15;good
Red Hulk;Thaddeus E. Ross;Marvel Comics;M;2008;Yellow;Black;100;average
Red Mist;Chris Genovese;Icon Comics;M;;;;10;moderate
Red Arrow;Roy Harper;DC Comics;M;2007;Green;Red;20;good
Ray;Ray Terrill;DC Comics;M;;Green;Red;10;average
Raven;Rachel Roth;DC Comics;F;1980;Indigo;Black;10;average
Rambo;John Rambo;;M;1972;Brown;Black;15;good
Razor-Fist II;Douglas Scott;Marvel Comics;M;1981;Blue;No Hair;;
Rachel Pirzad;;SyFy;F;;;;5;good
Red Skull;Johann Shmidt;Marvel Comics;M;1965;Blue;No Hair;10;good
Quill;Maxwell Jordan;Marvel Comics;M;;Brown;Brown;10;moderate
Quantum;;HarperCollins;M;;;;;
Quicksilver;Pietro Django Maximoff;Marvel Comics;M;;Blue;Silver;30;good
Pyro;St. John Allerdyce;Marvel Comics;M;;Blue;Blond;10;moderate
Q;Q;Star Trek;M;;;;15;high
Question;Charles Victor Szasz;DC Comics;M;1967;Blue;Blond;15;high
Punisher;Frank Castle;Marvel Comics;M;;Blue;Black;20;good
Ra's Al Ghul;Ra's Al Ghul;DC Comics;M;1971;Green;Grey;30;high
Purple Man;Zebediah Killgrave;Marvel Comics;M;1964;Purple;Purple;10;average
Psylocke;Elizabeth Braddock;Marvel Comics;F;1986;Blue;Purple;35;good
Professor X;Charles Francis Xavier;Marvel Comics;M;1963;Blue;No Hair;10;high
Proto-Goblin;Nels Van Adder;Marvel Comics;M;1990;Green;Blond;40;good
Predator;Yautja;Dark Horse Comics;M;1987;;;30;good
Power Man;Luke Cage;Marvel Comics;M;;;;;
Polaris;Lorna Dane;Marvel Comics;F;1968;Green;Green;75;good
Poison Ivy;Pamela Isley;DC Comics;F;;Green;Red;15;high
Power Girl;Kara Zor-L;DC Comics;F;1976;blue;blond;100;high
Plastique;Bette Sans Souci;DC Comics;F;;Blue;Red;10;average
Plastic Man;Patrick O'Brian;DC Comics;M;1941;Blue;Black;65;average
Professor Zoom;Eobard Thawne;DC Comics;M;1963;Blue;Strawberry Blond;10;high
Plantman;Samuel Smithers;Marvel Comics;M;1963;Green;Grey;60;good
Phantom Stranger;Judas Iscariot;DC Comics;M;;Black;Black;10;high
Raphael;;IDW Publishing;M;;;No Hair;20;good
Phantom Girl;Tinya Wazzo;DC Comics;F;2004;Blue;Black;10;moderate
Peter Petrelli;Peter Petrelli;NBC - Heroes;M;;;;30;good
Phantom;Christopher Walker;DC Comics;M;;;;50;good
Phoenix;Jean Grey;Marvel Comics;F;1963;Green;Red;100;high
Penguin;Oswald Chesterfield Cobblepot;DC Comics;M;1941;Blue;Black;10;good
Penance II;Robert Baldwin;Marvel Comics;M;2007;Blue;Blond;20;average
Plastic Lad;Luke O'Brian;DC Comics;M;;;;;
Penance;;Marvel Comics;;;;;;
Penance I;;Marvel Comics;F;;;;;
Paul Blart;Paul Blart;Sony Pictures;M;;;;15;low
Parademon;;DC Comics;;;;;30;low
Ozymandias;Adrian Veidt;DC Comics;M;;Blue;Blond;20;high
Overtkill;Nicholas Rocca;Image Comics;M;;;;;
Osiris;Amon Tomaz;DC Comics;M;;Brown;Brown;85;good
Oracle;Barbara Gordon;DC Comics;F;1989;Blue;Red;15;good
Onslaught;Onslaught;Marvel Comics;M;1996;Red;No Hair;100;high
One-Above-All;;Marvel Comics;;;;;100;high
One Punch Man;Saitama;Shueisha;M;;;No Hair;100;moderate
Omega Red;Arkady Gregorivich;Marvel Comics;M;;Red;Blond;;
Omniscient;Omniscient is the closest English word that compares to his alien tongue.;Team Epic TV;M;;Brown;Black;;
Odin;Odin Borson;Marvel Comics;M;;Blue;White;85;high
Nova;Richard Rider;Marvel Comics;M;1976;Brown;Brown;85;high
Nova;Frankie Raye;Marvel Comics;F;1975;White;Red;60;good
Offspring;Luke O'Brian;DC Comics;M;;;;10;average
Nite Owl II;Daniel Dreiberg;DC Comics;M;;;;;
Northstar;Jean-Paul Beaubier;Marvel Comics;M;1979;Blue;Black;20;average
Niki Sanders;Nicole Sanders;NBC - Heroes;F;;Blue;Blond;55;good
Nick Fury;Nicholas Joseph Fury;Marvel Comics;M;1963;Brown;Brown / White;15;good
Nightwing;Dick Grayson;DC Comics;M;;Blue;Black;15;high
Nightcrawler;Kurt Wagner;Marvel Comics;M;;Yellow;Indigo;10;average
Nebula;;Marvel Comics;F;1985;Blue;No Hair;55;good
Negasonic Teenage Warhead;Ellie Phimister;Marvel Comics;F;;Black;Black;10;average
Nina Theroux;;SyFy;F;;;;5;good
Nathan Petrelli;Nathan Petrelli;NBC - Heroes;M;;Brown;;;
Naruto Uzumaki;;Shueisha;M;;;;80;average
Namorita;Namorita Prentiss;Marvel Comics;F;1972;Blue;Blond;75;average
Namor;Namor McKenzie;Marvel Comics;M;1939;Grey;Black;95;good
Namor;;Marvel Comics;M;;;;;
Mystique;Raven Darkholme;Marvel Comics;F;;Yellow (without irises);Red / Orange;15;good
Namora;Aquaria Nautica Neptunia;Marvel Comics;F;1947;Blue;Blond;85;average
Mysterio;Quentin Beck;Marvel Comics;M;1964;Brown;No Hair;10;high
Multiple Man;James Arthur;Marvel Comics;M;;Blue;Brown;15;good
Ms Marvel II;Sharon Ventura;Marvel Comics;F;;Blue;Red;65;moderate
Mr Incredible;Robert Parr;Dark Horse Comics;M;2004;Blue;Blond;85;average
Mr Immortal;Craig Hollis;Marvel Comics;M;;Blue;Blond;10;average
Morph;Kevin Sydney;Marvel Comics;M;;White;No Hair;;
Moonstone;Karla Sofen;Marvel Comics;F;1975;Blue;Blond;70;average
Moses Magnum;Moses Magnum;Marvel Comics;M;1975;Brown;Black;30;good
Morlun;Morlun;Marvel Comics;M;2001;White / Red;Black;60;good
Moon Knight;Marc Spector ;Marvel Comics;M;1975;Brown;Brown;40;average
Monica Dawson;Monica Dawson;NBC - Heroes;F;;;;10;average
Molten Man;Mark Raxton;Marvel Comics;M;1965;Gold;Gold;75;average
Monarch;Nathaniel Christopher Adam;DC Comics;M;1987;Blue;White;100;high
Mogo;Mogo;DC Comics;M;1985;;;;
MODOK;George Tarleton;Marvel Comics;M;;White;Brownn;20;high
Mohinder Suresh;Mohinder Suresh;NBC - Heroes;M;;;;;
Mockingbird;Barbara Morse;Marvel Comics;F;1971;Blue;Blond;35;good
Moloch;Edgar William Jacobi;DC Comics;M;;;;;
Mister Zsasz;Victor Zsasz;DC Comics;M;;Blue;Blond;25;high
Mister Sinister;Nathaniel Essex;Marvel Comics;M;1987;Red;Black;50;high
Mister Mxyzptlk;Mr. Mxyzptlk;DC Comics;M;;;;85;high
Mister Freeze;Victor Fries;DC Comics;M;1959;;;35;good
Mister Fantastic;Reed Richards;Marvel Comics;M;;Brown;Brown;10;high
Mister Knife;J'son;Marvel Comics;M;2000;Blue;Brown;10;good
Misfit;Charlotte Gage-Radcliffe;DC Comics;F;;Blue;Red;35;good
Mimic;Calvin Montgomery Rankin;Marvel Comics;M;;Brown;Brown;70;good
Miss Martian;M'gann M'orzz;DC Comics;F;2006;Red;Red;85;good
Minna Murray;Wilhelmina Harker;Wildstorm;F;;;;;
Micro Lad;Gim Allon;DC Comics;M;2004;Grey;Brown;30;moderate
Micah Sanders;Micah Sanders;NBC - Heroes;M;;Brown;Black;10;good
Metron;Metron;DC Comics;M;1971;Blue;Black;10;high
Meteorite;;Marvel Comics;F;;;;;
Michelangelo;;IDW Publishing;M;;Blue;;15;good
Metamorpho;Rex Mason;DC Comics;M;;Black;No Hair;85;good
Metallo;John Corben;DC Comics;M;1987;Green;Brown;55;good
Mera;Mera;DC Comics;F;1963;Blue;Red;65;average
Meltdown;Tabitha Smith ;Marvel Comics;F;;Blue;Blond;10;moderate
Mephisto;;Marvel Comics;M;;White;Black;85;high
Maya Herrera;Maya Herrera;NBC - Heroes;F;;;;10;average
Maxima;;DC Comics;F;;Brown;Red;90;good
Maverick;Christopher Bradley ;Marvel Comics;M;1995;Blue;Black;10;good
Medusa;Medusalith Amaquelin Boltagon;Marvel Comics;F;1965;Green;Red;35;good
Match;Kent Connor;DC Comics;M;1997;Black;Black;95;good
Matt Parkman;Matthew Parkman;NBC - Heroes;M;;;;10;good
Master Chief;John-117;Microsoft;M;;Brown;Brown;75;good
Master Brood;Currently Colin Wood;Team Epic TV;M;;Blue;Black;;
Marvel Girl;Rachel Anne Summers;Marvel Comics;F;;Green;Red;85;good
Martian Manhunter;J'onn J'onzz;DC Comics;M;1955;Red;No Hair;95;high
Man-Bat;Robert Kirkland Langstrom;DC Comics;M;1970;Brown;Brown;20;moderate
Mantis;;Marvel Comics;F;;Green;Black;10;good
Magus;;Marvel Comics;M;1984;Black;;100;high
Mandarin;Khan;Marvel Comics;M;1964;Blue;White;30;high
Magog;David Reid;DC Comics;M;;Blue;Blond;50;average
Machine Man;X-51, Aaron Stack;Marvel Comics;;;Red;Black;35;good
Man-Thing;Dr. Theodore Sallis ;Marvel Comics;M;1971;Red;No Hair;35;average
Lyja;Lyja;Marvel Comics;F;;Green;Green;;
Mach-IV;Abner Jenkins;Marvel Comics;M;2005;Brown;Brown;40;good
Luna;Luna Maximoff;Marvel Comics;F;;;;10;moderate
Man of Miracles;;Image Comics;;;Blue;Silver;100;high
Man-Wolf;John Jameson;Marvel Comics;M;;Brown;Auburn;45;good
Magneto;Erik Magnus Lensherr;Marvel Comics;M;;Grey;White;80;high
Luke Skywalker;Luke Skywalker;George Lucas;M;1977;Blue;Blond;40;good
Longshot;;Marvel Comics;M;1985;Blue;Blond;10;average
Luke Campbell;Luke Campbell;NBC - Heroes;M;;;;;
Loki;Loki Laufeyson;Marvel Comics;M;;Green;Black;65;high
Living Tribunal;;Marvel Comics;;;Blue;No Hair;100;high
Lobo;Lobo;DC Comics;M;;Red;Black;100;high
Luke Cage;Luke Cage;Marvel Comics;M;1972;Brown;Black;65;average
Lightning Lad;Garth Ranzz;DC Comics;M;;Blue;Red;10;moderate
Light Lass;Ayla Ranzz;DC Comics;F;;Blue;Red;10;moderate
Lex Luthor;Lex Luthor;DC Comics;M;;Green;No Hair;55;high
Lightning Lord;Mekt Ranzz;DC Comics;M;2007;Blue;Red;10;average
Legion;David Haller;Marvel Comics;M;1985;Green / Blue;Black;100;average
Leech;;Marvel Comics;M;;;;5;moderate
Leader;Samuel Sterns;Marvel Comics;M;;Green;No Hair;10;high
Lady Bullseye;;Marvel Comics;F;;;Black;75;high
Leonardo;Leonardo;IDW Publishing;M;;Blue;No Hair;20;good
Kyle Rayner;Kyle Rayner;DC Comics;M;;Green;Black;90;good
Krypto;Krypto the Superdog;DC Comics;M;1955;Blue;White;80;low
Kraven the Hunter;Sergei Kravinoff;Marvel Comics;M;1964;Brown;Black;35;good
Kraven II;Alyosha Kravinoff;Marvel Comics;M;1997;Brown;Black;35;average
Living Brain;;Marvel Comics;;1964;Yellow;;55;good
Kool-Aid Man;;;M;;Black;No Hair;20;moderate
Klaw;Ulysses Klaw;Marvel Comics;M;1966;Red;No Hair;40;good
Kingpin;Wilson Grant Fisk;Marvel Comics;M;1967;Blue;No Hair;20;good
King Shark;Nanaue;DC Comics;M;;Black;No Hair;90;average
Lizard;Curtis Connors;Marvel Comics;M;;Red;No Hair;55;average
Liz Sherman;Elizabeth Anne Sherman;Dark Horse Comics;F;;;;;
King Kong;King Kong;;M;1933;Yellow;Black;100;average
Kylo Ren;Ben Solo;George Lucas;M;2015;;;45;average
Kilowog;;DC Comics;M;1986;Red;No Hair;90;high
Killer Croc;Waylon Jones;DC Comics;M;1983;Red;No Hair;55;low
Killer Frost;Caitlin Snow;DC Comics;F;;Blue;Blond;10;high
Kid Flash;Wallace Rudolph West;DC Comics;M;1960;Green;Red;5;moderate
Kid Flash II;Bartholomew Allen II;DC Comics;M;;;;;
Kick-Ass;Dave Lizewski;Icon Comics;M;;Blue;Blond;10;moderate
Kevin 11;Kevin Ethan Levin;DC Comics;M;;;Black;10;moderate
Katniss Everdeen;Katniss Everdeen;;F;;;;10;average
Kathryn Janeway;Kathryn Janeway;Star Trek;F;;;;10;good
Kang;Nathaniel Richards;Marvel Comics;M;1964;Brown;Brown;50;high
Junkpile;;Marvel Comics;M;1993;;;40;average
Karate Kid;Val Armorr;DC Comics;M;;Brown;Brown;65;good
Justice;Vance Astrovik;Marvel Comics;M;1975;Hazel;Brown;10;average
Juggernaut;Cain Marko;Marvel Comics;M;1965;Blue;Red;100;average
Judge Dredd;Joseph Dredd;Rebellion;M;1977;;;20;good
Jubilee;Jubilation Lee;Marvel Comics;F;1989;Red;Black;10;average
Joker;Jack Napier;DC Comics;M;1940;Green;Green;10;high
Jolt;Helen Takahama;Marvel Comics;F;1997;Blue;Black;15;good
John Stewart;John Stewart;DC Comics;M;;Green;Black;85;average
Johann Krauss;Johann Krauss;Dark Horse Comics;M;2003;;;;
John Constantine;John Constantine;DC Comics;M;1985;Blue;Blond;10;good
JJ Powell;JJ Powell ;ABC Studios;M;2010;;;10;high
Jim Powell;Jim Powell;ABC Studios;M;2010;;;40;moderate
Jyn Erso;Jyn Erso;George Lucas;F;2016;Green;Brown;;
Jessica Jones;Jessica Campbell Jones Cage;Marvel Comics;F;1963;Brown;Brown;45;average
K-2SO;;George Lucas;M;2016;White;No Hair;;
Jigsaw;Billy Russo;Marvel Comics;M;1976;Blue;Black;;
Jesse Quick;Jesse Chambers;DC Comics;F;;;;;
Jessica Sanders;;NBC - Heroes;F;;;;;
Jean-Luc Picard;Jean-Luc Picard;Star Trek;M;1987;;;10;good
Jessica Cruz;Jessica Cruz;DC Comics;F;2013;Green;Brown;90;average
Jean Grey;Jean Grey;Marvel Comics;F;1963;Green;Red;80;high
Jason Bourne;Jason Bourne;;M;;;;15;high
Jennifer Kale;Jennifer Kale;Marvel Comics;F;1972;Blue;Blond;10;good
James T. Kirk;James T. Kirk;Star Trek;M;;Hazel;Brown;15;good
Jack Bauer;Kiefer Sutherland;;M;;;;;
Jack-Jack;Jack-Jack Parr;Dark Horse Comics;M;2004;Blue;Brown;35;low
Jack of Hearts;Jonathan Hart;Marvel Comics;M;1976;Blue / White;Brown;55;good
Isis;Adrianna Tomaz;DC Comics;F;;;;50;good
James Bond;James Bond;Titan Books;M;;blue;Blond;15;high
Iron Man;Tony Stark;Marvel Comics;M;1963;Blue;Black;85;high
Iron Fist;Danny Rand;Marvel Comics;M;1974;Blue;Blond;55;good
Ink;Eric Gitter;Marvel Comics;M;2008;Blue;No Hair;30;moderate
Invisible Woman;Susan Storm Richards;Marvel Comics;F;;blue;Blond;10;high
Jar Jar Binks;Jar Jar Binks;George Lucas;M;;Yellow;;10;low
Impulse;Bartholomew Allen II;DC Comics;M;1994;Yellow;Auburn;10;average
Indiana Jones;Indiana Jones;George Lucas;M;1981;;;10;good
Iceman;Bobby Drake;Marvel Comics;M;;Brown;Brown;35;good
Hyperion;Mark Milton;Marvel Comics;M;;Blue;Red;100;high
Iron Monger;Obadiah Stane;Marvel Comics;M;;Blue;No Hair;65;high
Hybrid;Scott Washington;Marvel Comics;M;;Brown;Black;65;good
Husk;Paige Elisabeth Guthrie;Marvel Comics;F;1984;Blue;Blond;65;good
Huntress;Helena Rosa Bertinelli;DC Comics;F;1989;Blue;Black;10;good
Human Torch;Johnny Storm;Marvel Comics;M;1961;Blue;Blond;15;good
John Wraith;John Wraith;Marvel Comics;M;1992;Brown;Black;15;good
Hydro-Man;Morris Bench;Marvel Comics;M;1981;Brown;Brown;15;moderate
Indigo;Iroque;DC Comics;F;2008;;Purple;65;good
Howard the Duck;Howard (Last name unrevealed);Marvel Comics;M;;Brown;Yellow;;
Hollow;Monet St. Croix;Marvel Comics;F;1994;Blue;Red;;
Hope Summers;Hope Summers;Marvel Comics;F;2008;Green;Red;10;good
Hiro Nakamura;Hiro Nakamura;NBC - Heroes;M;;;;15;good
Hulk;Bruce Banner;Marvel Comics;M;1962;Green;Green;100;high
Hellcat;Patricia Walker;Marvel Comics;F;1976;Blue;Red;15;good
Hellboy;Anung Un Rama;Dark Horse Comics;M;1993;Gold;Black;55;good
Hela;;Marvel Comics;F;;Green;Black;100;good
Heat Wave;Mick Rory;DC Comics;M;1963;Blue;No Hair;10;moderate
Hawkwoman II;Sharon Parker;DC Comics;F;;;;;
Hawkwoman;Shayera Hol;DC Comics;F;1961;Green;Red;;
Hawkwoman III;Shayera Thal;DC Comics;F;;Blue;Red;;
Hawkman;Carter Hall;DC Comics;M;1940;Blue;Brown;65;good
Hercules;Heracles;Marvel Comics;M;;Blue;Brown;100;good
Hellstorm;Daimon Hellstrom;Marvel Comics;M;;Red;Red;60;good
Hawkeye II;Katherine Elizabeth Bishop;Marvel Comics;F;2005;Blue;Black;10;average
Hit-Girl;Mindy McCready;Icon Comics;F;;;;10;average
Havok;Alexander Summers;Marvel Comics;M;;Blue;Blond;10;good
Harry Potter;Harry James Potter;J. K. Rowling;M;;Green;Black;10;good
Hobgoblin;Roderick Kingsley;Marvel Comics;M;;Blue;Grey;60;good
Harley Quinn;Harley Quinn;DC Comics;F;1999;Blue;Blond;15;high
Hancock;John Hancock;Sony Pictures;M;;Brown;Black;90;good
Hawk;Henry Hall;DC Comics;M;1968;Red;Brown;40;moderate
Han Solo;Han Solo;George Lucas;M;1977;Brown;Brown;10;average
Hawkeye;Clint Barton;Marvel Comics;M;1964;Blue;Blond;15;average
Guardian;James Hudson;Marvel Comics;M;;Brown;Black;;
Guy Gardner;Guy Gardner;DC Comics;M;;Blue;Red;90;moderate
Hawkgirl;Kendra Saunders;DC Comics;F;1999;Green;Red;30;average
Green Goblin IV;Phillip Benjamin Urich;Marvel Comics;M;1995;Green;Brown;;
Hal Jordan;Hal Jordan;DC Comics;M;;Brown;Brown;90;good
Groot;Groot;Marvel Comics;M;1960;Yellow;;85;good
Green Goblin III;Barton Hamilton;Marvel Comics;M;;;;;
Goliath IV;William Barrett Foster;Marvel Comics;M;2006;Brown;Black;;
Gorilla Grodd;Grodd;DC Comics;M;1959;Yellow;Black;55;high
Granny Goodness;;DC Comics;F;;Blue;White;100;high
Gravity;Greg Willis;Marvel Comics;M;2005;Blue;Brown;35;average
Greedo;Greedo;George Lucas;M;;Purple;;10;moderate
Goliath;Hank Pym;Marvel Comics;M;;;;;
Goliath;Erik Josten;Marvel Comics;M;;;;;
Goliath;Clint Barton;Marvel Comics;M;;;;;
Green Goblin;Norman Osborn;Marvel Comics;M;1964;Blue;Auburn;50;high
Gog;;DC Comics;M;1981;;;35;average
Goblin Queen;Madelyne Jennifer Pryor;Marvel Comics;F;;Green;Red;10;good
Green Goblin II;Harold Osborn;Marvel Comics;M;;Blue;Auburn;55;good
Gladiator;Kallark;Marvel Comics;M;;Blue;Blue;100;average
Giganta;Doris Zuel;DC Comics;F;1944;Green;Red;90;high
Giant-Man II;;Marvel Comics;M;;;;;
Ghost Rider II;Daniel Ketch;Marvel Comics;;;;;70;average
Giant-Man;Hank Pym;Marvel Comics;M;;;;;
Genesis;Tyler Dayspring;Marvel Comics;M;1994;Blue;Blond;70;good
Goku;Kakarot;Shueisha;M;;;;100;average
Green Arrow;Oliver Queen;DC Comics;M;1941;Green;Blond;15;high
Garbage Man;Richard Ethan Morse;DC Comics;M;2011;;;85;good
General Zod;Dru-Zod;DC Comics;M;;Black;Black;100;high
Gary Bell;Gary Bell;SyFy;M;;;;5;good
Gambit;Remy Etienne LeBeau;Marvel Comics;M;2006;Red;Brown;10;good
Ghost Rider;Johnny Blaze;Marvel Comics;M;1972;Red;No Hair;55;average
Godzilla;Gojira;;;1954;;;100;average
Gamora;Gamora Zen Whoberi Ben Titan;Marvel Comics;F;1975;Yellow;Black;85;good
Galactus;Galan;Marvel Comics;M;1966;Black;Black;100;high
Frenzy;Joanna Cargill;Marvel Comics;F;;Brown;Black;55;good
Frigga;Frigga;Marvel Comics;F;;Blue;White;;
Franklin Storm;Dr. Franklin Storm;Marvel Comics;;;Blue;Grey;10;moderate
Franklin Richards;Franklin  Richards;Marvel Comics;M;;Blue;Blond;80;good
Forge;;Marvel Comics;;;Brown;Black;10;good
Flash IV;Bartholomew Allen II;DC Comics;M;2003;Yellow;Auburn;10;good
Flash II;Barry Allen;DC Comics;M;1956;Blue;Blond;50;high
Flash Gordon;Steven Gordon;;M;1966;;;70;high
Flash III;Wally West;DC Comics;M;1960;;;10;good
Firestorm;Ronald Raymond;DC Comics;M;1978;Blue;Auburn;80;moderate
Fixer;Paul Norbert Ebersol;Marvel Comics;;;Red;No Hair;;
Firestar;Angelica Jones;Marvel Comics;F;1985;Green;Red;10;average
Firebird;Bonita Juarez;Marvel Comics;F;;Brown;Black;10;moderate
Fighting Spirit;Carol Carter;DC Comics;F;;;Red;;
Fin Fang Foom;;Marvel Comics;M;;Red;No Hair;85;average
Feral;Maria Callasantos;Marvel Comics;;;Yellow (without irises);Orange / White;30;moderate
Flash;Jay Garrick;DC Comics;M;1940;Blue;Brown / White;10;good
Fallen One II;;Marvel Comics;M;;Black;Blue;85;high
Firelord;Pyreus Kril;Marvel Comics;;;White;Yellow;65;moderate
Faora;Faora Hu-Ul;DC Comics;F;1977;;;95;high
Falcon;Sam Wilson;Marvel Comics;M;1969;Brown;Black;15;moderate
Fabian Cortez;Fabian Cortez;Marvel Comics;;;Blue;Brown;;
Firestorm;Jason Rusch;DC Comics;M;;Brown;Black;55;average
Exodus;Bennet du Paris ;Marvel Comics;M;1993;Blue;Black;85;good
Evil Deadpool;Wade Wilson;Marvel Comics;M;2011;White;Red;35;good
Ethan Hunt;Ethan Hunt;;M;;Brown;Brown;15;good
Evilhawk;Dargin Bokk ;Marvel Comics;M;1992;Red;Black;35;average
ERG-1;;DC Comics;M;;;;;
Enchantress;June Moone;DC Comics;F;;Blue;Blond;15;good
Etrigan;Jason Blood;DC Comics;M;1972;Red;No Hair;85;average
Emma Frost;Emma Frost;Marvel Comics;F;;Blue;Blond;65;good
Elle Bishop;;NBC - Heroes;F;;Blue;Blond;10;average
Elektra;Elektra Natchios;Marvel Comics;F;;Blue;Black;15;good
Energy;;HarperCollins;F;;;;60;good
Elongated Man;Ralph Dibny;DC Comics;M;1960;Blue;Red;10;good
Elastigirl;Helen Parr;Dark Horse Comics;F;2004;Brown;Brown;35;good
Ego;Ego;Marvel Comics;;;;;80;high
Dr Manhattan;Jonathan Osterman;DC Comics;M;1986;White;No Hair;100;high
Drax the Destroyer;Arthur Sampson Douglas;Marvel Comics;M;1973;Red;No Hair;80;average
Dormammu;Dormammu;Marvel Comics;M;1964;Yellow;No Hair;95;high
Doomsday;Doomsday;DC Comics;M;1992;Red;White;100;good
Donatello;;IDW Publishing;M;;Green;No Hair;15;high
Doppelganger;;Marvel Comics;M;1992;White;No Hair;65;low
Electro;Maxwell Dillon;Marvel Comics;M;1964;Blue;Auburn;10;good
Domino;Neena Thurman;Marvel Comics;F;1992;Blue;Black;10;good
Doctor Doom II;Kristoff Vernard;Marvel Comics;M;;Brown;Brown;65;high
Doctor Doom;Victor von Doom;Marvel Comics;M;1962;Brown;Brown;35;high
Doctor Fate;Kent Nelson;DC Comics;M;1940;Blue;Blond;20;high
DL Hawkins;Daniel Lawrence Hawkins;NBC - Heroes;M;;;;15;average
Diamondback;Willis Stryker;Marvel Comics;M;1972;Brown;Black;20;average
Destroyer;;Marvel Comics;M;1965;;;95;average
Donna Troy;Donna Hinckley Stacey Troy;DC Comics;F;1965;Blue;Black;95;high
Doc Samson;Leonard Samson;Marvel Comics;M;1971;Blue;Green;80;good
Demogoblin;;Marvel Comics;M;1992;Red;No Hair;50;average
Deathstroke;Slade Joseph Wilson;DC Comics;M;1980;Blue;White;30;good
Doctor Strange;Stephen Strange;Marvel Comics;M;1963;Grey;Black;10;high
Deadpool;Wade Wilson;Marvel Comics;M;1991;Brown;No Hair;35;good
Deadshot;Floyd Lawton;DC Comics;M;1950;Brown;Brown;10;average
Doctor Octopus;Otto Octavius;Marvel Comics;M;1963;Brown;Brown;50;high
Deadman;Boston Brand;DC Comics;M;1967;Blue;Black;10;average
Data;Data;Star Trek;M;;Yellow;Brown;35;high
Dazzler;Alison Blaire;Marvel Comics;F;1980;Blue;Blond;10;good
Darth Vader;Anakin Skywalker;George Lucas;M;1977;Yellow;No Hair;50;good
Darkstar;Laynia Petrovna;Marvel Comics;F;1976;Brown;Blond;10;moderate
Darkside;;;;;;;;
Darth Maul;;George Lucas;M;1999;Yellow / Red;;50;average
Darkman;Peyton Westlake;Universal Studios;M;1990;;;15;good
Darkseid;Uxas;DC Comics;M;1970;Red;No Hair;100;high
Darkhawk;Christopher Powell;Marvel Comics;M;1991;Brown;Brown;35;average
Dash;Dashiell Robert Parr;Dark Horse Comics;M;2004;Blue;Blond;15;moderate
Dagger;Tandy Bowen;Marvel Comics;F;;Blue;Blond;10;good
Deathlok;Luther Manning;Marvel Comics;M;1974;Brown;Grey;35;good
Cyclops;Scott Summers;Marvel Comics;M;1963;Brown;Brown;10;good
Cypher;Douglas Aaron Ramsey;Marvel Comics;;;Blue;Blond;;
Cyborg Superman;Henry Henshaw;DC Comics;M;1990;Blue;Black;95;good
Daphne Powell;Daphne Powell;ABC Studios;F;2010;;;10;moderate
Cy-Gor;;Image Comics;M;;;;100;average
Daredevil;Matt Murdock;Marvel Comics;M;1964;Blue;Red;15;good
Danny Cooper;;HarperCollins;M;;Brown;Blond;;
Crimson Dynamo;Anton Vanko;Marvel Comics;M;1963;Brown;No Hair;65;good
Cyborg;Victor Stone;DC Comics;M;1980;Brown;Black;55;good
Corsair;Christopher Summers;Marvel Comics;M;;Brown;Brown;;
Cottonmouth;Burchell Clemens;Marvel Comics;M;1985;Brown;Black;10;average
Copycat;Vanessa Carlysle;Marvel Comics;F;1991;Red;White;10;average
Curse;Phillip Krahn;Image Comics;M;;;;;
Colossus;Piotr Nikolaievitch Rasputin;Marvel Comics;M;1975;Silver;Black;85;good
Cogliostro;Cain;Image Comics;M;;;;65;good
Crimson Crusader;Rory Destine;Marvel Comics;M;1994;Blue;Strawberry Blond;60;average
Clock King;William Tockman;DC Comics;M;1960;Blue;Black;10;good
Cloak;Tyrone Johnson;Marvel Comics;M;;brown;black;10;good
Clea;Clea;Marvel Comics;;;;White;;
Citizen Steel;Nathan Heywood;DC Comics;M;2007;Green;Red;95;average
Colossal Boy;;DC Comics;M;;;;;
Chromos;Bernard Embers;Team Epic TV;M;;Brown;Red / Grey;;
Cheetah III;Barbara Minerva;DC Comics;F;1987;Brown;Brown;100;high
Crystal;Crystallia Amaquelin;Marvel Comics;F;1965;Green;Red;20;good
Cheetah;Priscilla Rich;DC Comics;F;1943;Green;Blond;10;moderate
Cheetah II;Deborah Domaine;DC Comics;F;1980;Green;Brown;20;moderate
Chuck Norris;Carlos Ray Norris;;M;;;;80;average
Claire Bennet;Claire Bennet;NBC - Heroes;F;;Blue;Blond;10;moderate
Changeling;Kevin Sidney;Marvel Comics;M;1967;Brown;Black;10;good
Cecilia Reyes;Dr. Cecilia Reyes;Marvel Comics;;1997;Brown;Brown;;
Catwoman;Selina Kyle;DC Comics;F;;Green;Black;15;good
Cat II;;Marvel Comics;F;;;;;
Century;;Marvel Comics;M;1994;White;White;80;high
Cat;Shirlee Bryant;Marvel Comics;F;;Blue;Blond;90;high
Carnage;Cletus Kasady;Marvel Comics;M;1991;Green;Red;65;good
Captain Universe;;Marvel Comics;;1979;;;95;high
Captain Planet;;Marvel Comics;M;;Red;Green;90;average
Captain Marvel II;Frederick Christopher Freeman;DC Comics;M;1995;Blue;Black;85;good
Captain Midnight;;Dark Horse Comics;M;;;;;
Chamber;Jonothon Evan Starsmore;Marvel Comics;M;1994;Brown;Brown;10;average
Captain Marvel;Carol Danvers;Marvel Comics;F;;Blue;Blond;90;high
Captain Mar-vell;Mar-Vell;Marvel Comics;M;;Blue;Blond;;
Captain Cold;Leonard Snart;DC Comics;M;2012;Brown;Brown;10;average
Cerebra;Shakti Haddad;Marvel Comics;F;1993;;;60;good
Captain Britain;Brian Braddock;Marvel Comics;M;1976;Blue;Blond;80;good
Captain Atom;Nathaniel Adam;DC Comics;M;;Blue;Silver;95;high
Chameleon;Dmitri Anatoly Smerdyakov Kravinoff;DC Comics;M;;;;10;high
Captain Epic;;Team Epic TV;M;;Blue;Brown;;
Cameron Hicks;;SyFy;M;;;;10;average
Cannonball;Samuel Zachery Guthrie;Marvel Comics;M;1982;Blue;Blond;30;average
Cable;Nathan Summers;Marvel Comics;M;;Blue;White;50;high
Captain Hindsight;Jack Brolin;South Park;M;;;Black;10;moderate
Callisto;Callisto;Marvel Comics;F;;Blue;Black;55;good
Bumblebee;Karen Beecher;DC Comics;F;;Brown;Black;30;good
Bullseye;Lester;Marvel Comics;M;1976;blue;blond;15;average
Captain America;Steve Rogers;Marvel Comics;M;1941;blue;blond;20;good
Bumbleboy;;Marvel Comics;M;;;;;
Brainiac 5;Querl Dox;DC Comics;M;;Green;Blond;10;high
Brundlefly;Seth Brundle;;M;1986;;;35;good
Brainiac;Vril Dox;DC Comics;M;1958;Green;No Hair;95;high
Buffy;Buffy Anne Summers;Dark Horse Comics;F;;Green;Blond;30;good
Box IV;Madison Jeffries;Marvel Comics;;;Brown;Brown / Black;75;average
Bushido;Ryuko Orsono;DC Comics;M;;;;10;moderate
Boomer;;Marvel Comics;F;;;;;
Boom-Boom;Tabitha Smith;Marvel Comics;F;;Blue;Blond;10;moderate
Bomb Queen;;Image Comics;F;2006;;;75;good
Box;Roger Bochs;Marvel Comics;M;;;;;
Boba Fett;;George Lucas;M;;Brown;Black;10;good
Brother Voodoo;Jericho Drumm;Marvel Comics;M;1973;Brown;Brown / White;65;high
Blue Beetle III;Jaime Reyes;DC Comics;M;2006;Brown;Black;35;average
Box III;Dr. Walter Langowski;Marvel Comics;;;Blue;Blond;;
Blue Beetle;;DC Comics;M;;;;;
Blue Beetle;Daniel Garrett;DC Comics;M;;Blue;Brown;;
Bloodwraith;Sean Dolan;Marvel Comics;M;1993;White;No Hair;75;average
Bloodaxe;Jackie Lukus;Marvel Comics;F;;Blue;Brown;80;good
Blob;Frederick J. Dukes;Marvel Comics;M;1964;Brown;Brown;85;low
Blizzard II;Donald Gill;Marvel Comics;M;1987;Brown;Brown;10;moderate
Blizzard;Gregor Shapanka;Marvel Comics;M;;;Brown;;
Blizzard;;Marvel Comics;M;;;;;
Blue Beetle II;Theodore Kord;DC Comics;M;1966;Blue;Brown;50;high
Blink;Clarice Ferguson;Marvel Comics;F;1994;Green;Magenta;10;average
Booster Gold;Michael Jon Carter;DC Comics;M;;Blue;Blond;85;good
Blaquesmith;;Marvel Comics;;;Black;No Hair;;
Bolt;;Marvel Comics;M;;;;;
Bling!;Roxanne Washington ;Marvel Comics;F;2005;;;15;good
Blackwulf;Lucian;Marvel Comics;M;1994;Red;White;30;average
Black Widow II;Yelena Belova;Marvel Comics;F;;Blue;Blond;;
Blade;Eric Brooks;Marvel Comics;M;1973;Brown;Black;30;good
Blackout;;Marvel Comics;M;1990;Red;White;35;good
Bloodhawk;Lemuel Krug;Marvel Comics;M;2099;Black;No Hair;10;average
Blackwing;Joseph Manfredi;Marvel Comics;M;1975;Blue;Black;10;moderate
Black Mamba;Tanya Sealy;Marvel Comics;F;;Green;Black;10;good
Black Lightning;Jefferson Pierce;DC Comics;M;1977;Brown;No Hair;15;average
Black Widow;Natasha Romanoff;Marvel Comics;F;;Green;Auburn;15;good
Black Goliath;;Marvel Comics;M;;;;;
Black Cat;Felicia Hardy;Marvel Comics;F;1979;Green;Blond;20;good
Black Flash;;DC Comics;M;;;;10;average
Black Canary;Laurel Lance;DC Comics;F;;Blue;Blond;10;good
Black Bolt;Blackagar Boltagon;Marvel Comics;M;1965;Blue;Black;70;good
Black Adam;Teth-Adam;DC Comics;M;1945;Brown;Black;100;high
Black Canary;Dinah Drake Lance;DC Comics;F;1947;Blue;Blond;10;good
Bizarro;Bizarro;DC Comics;M;1958;Black;Black;95;moderate
Black Abbott;;Marvel Comics;M;1984;Red;Black;;
Bishop;Lucas Bishop;Marvel Comics;M;1991;Brown;No Hair;15;good
Birdman;Ray Randal;Hanna-Barbera;M;1967;;;55;high
Bird-Man;Henry Hawk;Marvel Comics;M;1965;;;;
Bird-Man II;Achille DiBacco;Marvel Comics;M;1979;;;;
Bird-Brain;;Marvel Comics;;1987;;;10;moderate
Black Manta;David;DC Comics;M;1967;Black;No Hair;30;good
Binary;Carol Danvers;Marvel Comics;F;;Blue;Blond;;
Billy Kincaid;Billy Kincaid;Image Comics;M;1992;;;;
Bill Harken;;SyFy;M;;;;40;good
Black Knight III;Dane Whitman;Marvel Comics;M;1967;Brown;Brown;10;good
Big Daddy;Damon Macready;Icon Comics;M;;;;10;moderate
Big Man;Frederick Foswell;Marvel Comics;M;1964;Blue;Brown;15;good
Big Barda;Barda Free;DC Comics;F;;Blue;Black;100;high
Bionic Woman;Jamie Sommers;;F;;Blue;Black;40;average
Ben 10;Benjamin Kirby Tennyson;DC Comics;M;;;;10;low
Beta Ray Bill;Beta Ray Bill (translation of his Korbinite name);Marvel Comics;M;;;No Hair;80;good
Beetle;;Marvel Comics;M;;;;;
Beast;Henry Philip McCoy;Marvel Comics;M;;Blue;Blue;50;high
Beast Boy;Garfield Mark Logan;DC Comics;M;1965;Green;Green;30;average
Batwoman V;Katherine Rebecca Kane;DC Comics;F;2006;Green;Red;10;high
Batman II;Dick Grayson;DC Comics;M;;Blue;Black;15;high
Batman;Terry McGinnis;DC Comics;M;;Blue;Black;40;high
Battlestar;Lemar Hoskins ;Marvel Comics;M;1986;Brown;Black;55;average
Beyonder;;Marvel Comics;M;;;;100;high
Batgirl V;Charlotte Gage-Radcliffe;DC Comics;F;;;;;
Batgirl III;Helena Rosa Bertinelli;DC Comics;F;;;;;
Batman;Bruce Wayne;DC Comics;M;;blue;black;20;high
Batgirl VI;Stephanie Brown;DC Comics;F;2009;Blue;Blond;10;good
Batgirl;Barbara Gordon;DC Comics;F;;Green;Red;15;high
Batgirl;Mary Elizabeth Kane;DC Comics;F;;;;30;average
Bantam;Roberto Velasquez;Marvel Comics;M;2006;Brown;Black;55;moderate
Banshee;Sean Cassidy;Marvel Comics;M;1967;Green;Strawberry Blond;10;average
Black Panther;T'Challa;Marvel Comics;M;1966;Brown;Black;20;high
Azrael;Michael Washington Lane;DC Comics;M;2008;Brown;Black;20;good
Aztar;Aztar;DC Comics;M;1940;;;100;high
Beak;Barnell Bohusk ;Marvel Comics;M;;Black;White;;
Aurora;Jeanne-Marie Beaubier;Marvel Comics;F;1979;Blue;Black;10;good
Azazel;;Marvel Comics;M;2003;Yellow;Black;15;average
Atom II;Ray Palmer;DC Comics;M;;Brown;Auburn;10;high
Atom IV;Ryan Choi;DC Comics;M;;Brown;Black;;
Batgirl IV;Cassandra Cain;DC Comics;F;;Green;Black;15;good
Atom;;DC Comics;M;;;;;
Atom Girl;Salu Digby;DC Comics;F;2004;Black;Black;10;moderate
Atlas;;DC Comics;M;;Blue;Brown;100;good
Atom;Albert Pratt;DC Comics;M;;Blue;Red;;
Arsenal;Roy William Harper, Jr.;DC Comics;M;;;;;
Atlas;Erik Josten;Marvel Comics;M;;Brown;Red;80;good
Armor;Hisako Ichiki;Marvel Comics;F;2004;Black;Black;65;average
Bane;;DC Comics;M;1993;;;40;high
Ardina;Ardina;Marvel Comics;F;;White;Orange;100;good
Arclight;Philippa Sontag;Marvel Comics;F;1986;Violet;Purple;65;moderate
Ares;;Marvel Comics;M;;Brown;Brown;85;good
Archangel;Warren Kenneth Worthington III ;Marvel Comics;M;1963;Blue;Blond;15;good
Astro Boy;Atom;;M;;Brown;Black;95;average
Atom III;Adam Cray;DC Comics;M;;;Red;;
Aqualad;Garth;DC Comics;M;1960;Blue;Black;45;good
Ariel;Ariel;Marvel Comics;F;1987;Purple;Pink;10;average
Aquababy;Arthur Curry, Jr.;DC Comics;M;1965;Blue;Blond;20;low
Aquaman;Orin;DC Comics;M;1941;Blue;Blond;85;high
Apocalypse;En Sabah Nur;Marvel Comics;M;1986;Red;Black;100;high
Anti-Monitor;;DC Comics;M;;Yellow;No Hair;100;high
Ant-Man II;Scott Lang;Marvel Comics;M;1979;Blue;Blond;20;good
Anti-Venom;Eddie Brock;Marvel Comics;M;;Blue;Blond;60;good
Anti-Spawn;Jason Wynn;Image Comics;M;;;;60;good
Annihilus;Annihilus;Marvel Comics;M;1968;Green;No Hair;80;good
Angel;Warren Kenneth Worthington III;Marvel Comics;M;1969;Blue;Blond;15;good
Ammo;;Marvel Comics;M;1988;Brown;Black;;
Arachne;Julia Carpenter;Marvel Comics;F;;Blue;Blond;50;average
Angel;Liam;Dark Horse Comics;M;;;;30;good
Allan Quatermain;;Wildstorm;M;;;;;
Alien;Xenomorph;Dark Horse Comics;M;1979;;No Hair;30;average
Alfred Pennyworth;Alfred Thaddeus Crane Pennyworth;DC Comics;M;1943;Blue;Black;10;good
Ando Masahashi;Ando Masahashi;NBC - Heroes;M;;;;;
Alex Woolsly;Alex Woolsly;NBC - Heroes;M;;;;40;average
Alan Scott;Alan Ladd Wellington Scott;DC Comics;M;1940;Blue;Blond;80;good
Amazo;;DC Comics;M;1960;Red;;100;good
Ant-Man;Hank Pym;Marvel Comics;M;1962;Blue;Blond;20;high
Ajax;Francis;Marvel Comics;M;1998;Brown;Black;50;average
Alex Mercer;Alexander J. Mercer;Wildstorm;M;;;;80;average
